time,open,high,low,close,Volume,Volume MA
2017-11-17T14:30:00Z,1138.28,1138.8,1125.8101,1129.88,2413388,4094661.45
2017-11-20T14:30:00Z,1129.77,1133.42,1122.55,1126.31,2163855,4028149.2
2017-11-21T14:30:00Z,1132.86,1140,1128.2,1139.49,2479397,4015922.3
2017-11-22T14:30:00Z,1141,1160.27,1141,1156.16,3555273,4042030.3
2017-11-24T14:30:00Z,1160.7,1186.84,1160.7,1186,3512409,3936717
2017-11-27T14:30:00Z,1202.66,1213.41,1191.15,1195.83,6744045,3445668.2
2017-11-28T14:30:00Z,1204.88,1205.34,1188.521,1193.6,4559449,3342987.45
2017-11-29T14:30:00Z,1194.8,1194.8,1145.19,1161.27,9257512,3632014.7
2017-11-30T14:30:00Z,1167.1,1178.5701,1160,1176.75,4509208,3669699.55
2017-12-01T14:30:00Z,1172.05,1179.65,1152,1162.35,4107094,3690810.45
2017-12-04T14:30:00Z,1173.85,1175.2,1128,1133.95,5931915,3799832.2
2017-12-05T14:30:00Z,1128.26,1159.27,1124.74,1141.57,4079774,3834764
2017-12-06T14:30:00Z,1137.99,1155.89,1136.08,1152.35,2853316,3842980.95
2017-12-07T14:30:00Z,1156.59,1163.19,1151,1159.79,2511569,3839486.85
2017-12-08T14:30:00Z,1170.4,1172.79,1157.1,1162,3050074,3805353.95
2017-12-11T14:30:00Z,1164.6,1169.9,1157,1168.92,2363473,3814530.75
2017-12-12T14:30:00Z,1166.51,1173.6,1161.61,1165.08,2235892,3780403.4
2017-12-13T14:30:00Z,1170,1170.87,1160.27,1164.13,2616760,3754320.25
2017-12-14T14:30:00Z,1163.71,1177.93,1162.45,1174.26,3214337,3718603.1
2017-12-15T14:30:00Z,1179.03,1182.75,1169.33,1179.14,4778621,3846868.05
2017-12-18T14:30:00Z,1187.37,1194.78,1180.91,1190.58,2947625,3873579.9
2017-12-19T14:30:00Z,1189.15,1192.97,1179.1401,1187.38,2587792,3894776.75
2017-12-20T14:30:00Z,1190.5,1191,1176,1177.62,2371166,3889365.2
2017-12-21T14:30:00Z,1175.9,1179.17,1167.64,1174.76,2123117,3817757.4
2017-12-22T14:30:00Z,1172.08,1174.6199,1167.8301,1168.36,1585054,3721389.65
2017-12-26T14:30:00Z,1168.36,1178.32,1160.55,1176.76,2005187,3484446.75
2017-12-27T14:30:00Z,1179.91,1187.29,1175.61,1182.26,1867208,3349834.7
2017-12-28T14:30:00Z,1189,1190.1,1184.38,1186.1,1841676,2979042.9
2017-12-29T14:30:00Z,1182.35,1184,1167.5,1169.47,2688391,2888002.05
2018-01-02T14:30:00Z,1172,1190,1170.51,1189.01,2694494,2817372.05
2018-01-03T14:30:00Z,1188.3,1205.49,1188.3,1204.2,3108793,2676215.95
2018-01-04T14:30:00Z,1205,1215.8699,1204.66,1209.59,3022089,2623331.7
2018-01-05T14:30:00Z,1217.51,1229.14,1210,1229.14,3544743,2657903.05
2018-01-08T14:30:00Z,1236,1253.079,1232.03,1246.87,4279475,2746298.35
2018-01-09T14:30:00Z,1256.9,1259.33,1241.76,1252.7,3661316,2776860.45
2018-01-10T14:30:00Z,1245.15,1254.33,1237.23,1254.33,2686017,2792987.65
2018-01-11T14:30:00Z,1259.74,1276.77,1256.46,1276.68,3125048,2837445.45
2018-01-12T14:30:00Z,1273.3925,1305.76,1273.3925,1305.2,5443730,2978793.95
2018-01-16T14:30:00Z,1323,1339.94,1292.3,1304.86,7220701,3179112.15
2018-01-17T14:30:00Z,1312.24,1314,1280.88,1295,5253754,3202868.8
2018-01-18T14:30:00Z,1293.95,1304.6,1284.02,1293.32,4026915,3256833.3
2018-01-19T14:30:00Z,1312,1313,1292.99,1294.58,4578536,3356370.5
2018-01-22T14:30:00Z,1297.17,1327.45,1296.6636,1327.31,4140061,3444815.25
2018-01-23T14:30:00Z,1338.09,1364.9,1337.34,1362.54,5169306,3597124.7
2018-01-24T14:30:00Z,1374.82,1388.16,1338,1357.51,6807457,3858244.85
2018-01-25T14:30:00Z,1368,1378.34,1357.62,1377.95,4753012,3995636.1
2018-01-26T14:30:00Z,1392.01,1402.53,1380.91,1402.05,4857310,4145141.2
2018-01-29T14:30:00Z,1409.18,1431.39,1400.44,1417.68,5701898,4338152.3
2018-01-30T14:30:00Z,1403.17,1439.25,1392,1437.82,5871942,4497329.85
2018-01-31T14:30:00Z,1451.3,1472.58,1450.04,1450.89,6424693,4683839.8
2018-02-01T14:30:00Z,1445,1459.8799,1385.1419,1390,9113808,4984090.55
2018-02-02T14:30:00Z,1477.39,1498,1414,1429.95,11125722,5389272.2
2018-02-05T14:30:00Z,1402.62,1458.98,1320.72,1390,11494985,5786784.3
2018-02-06T14:30:00Z,1361.46,1443.99,1351.79,1442.84,11066819,6126151.5
2018-02-07T14:30:00Z,1449,1460.99,1415.15,1416.78,7162741,6301222.75
2018-02-08T14:30:00Z,1429.675,1433.7522,1349.94,1350.5,8578557,6595849.75
2018-02-09T14:30:00Z,1373.49,1383.5,1265.93,1339.6,14141524,7146673.55
2018-02-12T14:30:00Z,1364.67,1393.81,1344.01,1386.23,6738944,7211434.25
2018-02-13T14:30:00Z,1385.93,1419.72,1383.53,1414.51,5917879,7146293.15
2018-02-14T14:30:00Z,1406.25,1452.06,1403.36,1451.05,5959209,7181565.9
2018-02-15T14:30:00Z,1466.89,1468.94,1436.8367,1461.76,5652736,7262856.95
2018-02-16T14:30:00Z,1457.37,1465.8,1446.56,1448.69,4472564,7257558.35
2018-02-20T14:30:00Z,1446.49,1488.77,1446.49,1468.35,6499228,7375516.7
2018-02-21T14:30:00Z,1485,1503.49,1478.92,1482.92,6304351,7432268.95
2018-02-22T14:30:00Z,1495.36,1502.54,1475.76,1485.34,4858063,7334799.25
2018-02-23T14:30:00Z,1495.34,1500,1486.5,1500,4418103,7318053.8
2018-02-26T14:30:00Z,1509.2,1522.84,1507,1521.95,4954988,7322937.7
2018-02-27T14:30:00Z,1524.5,1526.78,1507.21,1511.98,4808776,7278281.6
2018-02-28T14:30:00Z,1519.51,1528.7,1512,1512.45,4515023,7210435.65
2018-03-01T14:30:00Z,1513.6,1518.49,1465,1493.45,6835230,7230962.5
2018-03-02T14:30:00Z,1469.1,1501.05,1455.0101,1500.25,6587564,7104650.3
2018-03-05T14:30:00Z,1494.24,1525.38,1481,1523.61,5233934,6810060.9
2018-03-06T14:30:00Z,1533.2,1542.13,1528,1537.64,4561718,6463397.55
2018-03-07T14:30:00Z,1526.52,1545.9,1522.51,1545,4174123,6118762.75
2018-03-08T14:30:00Z,1550,1554.88,1545.25,1551.86,3862615,5953756.45
2018-03-09T14:30:00Z,1563.5,1578.94,1559.08,1578.89,4534250,5751541.1
2018-03-12T13:30:00Z,1592.6,1605.33,1586.7,1598.39,5174211,5303175.45
2018-03-13T13:30:00Z,1615.96,1617.54,1578.01,1588.18,6531892,5292822.85
2018-03-14T13:30:00Z,1597,1606.444,1590.89,1591,4259443,5209901.05
2018-03-15T13:30:00Z,1595,1596.91,1578.11,1582.32,4069701,5115425.65
2018-03-16T13:30:00Z,1583.45,1589.44,1567.5,1571.68,5425012,5104039.45
2018-03-19T13:30:00Z,1554.53,1561.66,1525.35,1544.93,6580766,5209449.55
2018-03-20T13:30:00Z,1550.34,1587,1545.41,1586.51,4581568,5113566.55
2018-03-21T13:30:00Z,1586.45,1590,1563.17,1581.86,4750771,5035887.55
2018-03-22T13:30:00Z,1565.47,1573.85,1542.4,1544.92,6320551,5109011.95
2018-03-23T13:30:00Z,1539.01,1549.02,1495.36,1495.56,8006033,5288408.45
2018-03-26T13:30:00Z,1530,1556.99,1499.25,1555.86,5624700,5321894.05
2018-03-27T13:30:00Z,1572.4,1575.965,1482.32,1497.05,6999631,5431436.8
2018-03-28T13:30:00Z,1447,1455.9,1386.17,1431.42,13705317,5890951.5
2018-03-29T13:30:00Z,1406,1455.47,1365.2,1447.34,12581121,6178246.05
2018-04-02T13:30:00Z,1417.62,1421.358,1355,1371.99,10463607,6372048.2
2018-04-03T13:30:00Z,1391.38,1414,1355.33,1392.05,10231212,6621912.1
2018-04-04T13:30:00Z,1358.24,1415.39,1352.88,1410.57,6982305,6742941.45
2018-04-05T13:30:00Z,1441.99,1459.5575,1427.07,1451.75,6413459,6854908.25
2018-04-06T13:30:00Z,1429.97,1452.502,1400.26,1405.23,5882257,6955890.35
2018-04-09T13:30:00Z,1425.03,1438.48,1402.571,1406.08,4208206,6939588.15
2018-04-10T13:30:00Z,1431.99,1438.38,1415.7,1436.22,4280144,6894884.8
2018-04-11T13:30:00Z,1439.44,1448.7758,1424.89,1427.05,3582533,6747416.85
2018-04-12T13:30:00Z,1439.5,1452.12,1435.06,1448.5,3135027,6691196.05
2018-04-13T13:30:00Z,1449.136,1459.7808,1424.52,1430.79,3685267,6671974.35
2018-04-16T13:30:00Z,1445,1447,1427.48,1441.5,2808624,6541154.95
2018-04-17T13:30:00Z,1462.295,1507.19,1457.0219,1503.83,5114403,6467836.8
2018-04-18T13:30:00Z,1514.6501,1533.8,1504.11,1527.84,5227509,6500133.85
2018-04-19T13:30:00Z,1543.22,1568.52,1539.06,1556.91,6523728,6588781.7
2018-04-20T13:30:00Z,1561.1999,1561.1999,1516.093,1527.49,5541622,6549835.25
2018-04-23T13:30:00Z,1546.6947,1548,1503.4103,1517.86,4465424,6372804.8
2018-04-24T13:30:00Z,1535.8,1539.5,1448.4475,1460.09,7494699,6466304.75
2018-04-25T13:30:00Z,1458,1469.99,1415.02,1460.17,6587290,6445687.7
2018-04-26T13:30:00Z,1485.01,1529.42,1478.5,1517.96,8801101,6200476.9
2018-04-27T13:30:00Z,1634.01,1638.1,1567.386,1572.62,13053241,6224082.9
2018-04-30T13:30:00Z,1582.5,1596,1560.941,1566.13,5464085,5974106.8
2018-05-01T13:30:00Z,1563.22,1585,1552.18,1582.26,4572071,5691149.75
2018-05-02T13:30:00Z,1580.98,1588.4992,1566.36,1569.68,4360273,5560048.15
2018-05-03T13:30:00Z,1560.01,1574.8,1546.02,1572.075,4251917,5451971.05
2018-05-04T13:30:00Z,1562.45,1584.9,1562.19,1580.95,3443567,5330036.55
2018-05-07T13:30:00Z,1589.337,1606.949,1587.83,1600.14,3801855,5309719
2018-05-08T13:30:00Z,1595,1596.88,1582.51,1592.39,3067949,5249109.25
2018-05-09T13:30:00Z,1600,1608,1592,1608,3637302,5251847.7
2018-05-10T13:30:00Z,1608.4754,1615.6,1603.44,1609.08,2817450,5235968.85
2018-05-11T13:30:00Z,1610.99,1611.1,1597.891,1602.91,2263900,5164900.5
2018-05-14T13:30:00Z,1604,1611.18,1600.05,1601.54,2509483,5149943.45
2018-05-15T13:30:00Z,1587.8047,1587.8047,1565.2201,1576.12,5077465,5148096.55
2018-05-16T13:30:00Z,1577.5,1594.43,1576.67,1587.28,2570572,5015249.7
2018-05-17T13:30:00Z,1580.56,1594.04,1573,1581.76,2147606,4796443.6
2018-05-18T13:30:00Z,1581.33,1583.5903,1572.1,1574.37,2642584,4651491.7
2018-05-21T13:30:00Z,1585,1592.05,1575,1585.46,2925235,4574482.25
2018-05-22T13:30:00Z,1589.89,1589.89,1575.25,1581.4,2115639,4305529.25
2018-05-23T13:30:00Z,1571.05,1601.86,1566.34,1601.86,3361892,4144259.35
2018-05-24T13:30:00Z,1598.03,1608.24,1588.38,1603.07,3429975,3875703.05
2018-05-25T13:30:00Z,1603,1614.12,1600.4474,1610.15,2698400,3357961
2018-05-29T13:30:00Z,1600.7089,1621.79,1600.15,1612.87,3846477,3277080.6
2018-05-30T13:30:00Z,1618.1,1626,1612.93,1624.89,2907357,3193844.9
2018-05-31T13:30:00Z,1623,1635,1621.35,1629.62,3166330,3134147.75
2018-06-01T13:30:00Z,1637.03,1646.7299,1635.09,1641.54,3313385,3087221.15
2018-06-04T13:30:00Z,1648.9,1665.68,1645.49,1665.27,3187737,3074429.65
2018-06-05T13:30:00Z,1672.99,1699,1670.06,1696.35,4782177,3123445.75
2018-06-06T13:30:00Z,1704.51,1714.5,1686.47,1695.75,5473213,3243708.95
2018-06-07T13:30:00Z,1698.5576,1699.9,1676.105,1689.3,3765687,3250128.2
2018-06-08T13:30:00Z,1681.12,1689.44,1673.01,1683.99,2955110,3257011.2
2018-06-11T13:30:00Z,1681.51,1694.2436,1680.5923,1689.12,2335484,3260590.4
2018-06-12T13:30:00Z,1693,1699.51,1691.5235,1698.75,2259215,3248077
2018-06-13T13:30:00Z,1702.81,1713.75,1700.12,1704.86,3327529,3160580.2
2018-06-14T13:30:00Z,1713.48,1724.8,1708.87,1723.86,3174415,3190772.35
2018-06-15T13:30:00Z,1714,1720.87,1708.52,1715.97,4777646,3322274.35
2018-06-18T13:30:00Z,1706.26,1726.7404,1702.56,1723.79,3107742,3345532.25
2018-06-19T13:30:00Z,1709.04,1736.11,1700.39,1734.78,4290117,3413776.35
2018-06-20T13:30:00Z,1742.5,1762.93,1741.36,1750.08,4332591,3524623.95
2018-06-21T13:30:00Z,1760,1763.1,1717.56,1730.22,4941148,3603586.75
2018-06-22T13:30:00Z,1742.62,1743,1711.9,1715.67,4075124,3635844.2
2018-06-25T13:30:00Z,1702.51,1705,1646.3089,1663.15,7511196,3876484
2018-06-26T13:30:00Z,1672.37,1701.565,1663.34,1691.09,4386585,3903489.4
2018-06-27T13:30:00Z,1708.11,1711.95,1660,1660.51,4872201,4001731.6
2018-06-28T13:30:00Z,1672.54,1705.5,1661.1738,1701.45,4529700,4069900.1
2018-06-29T13:30:00Z,1717,1723.41,1694.3156,1699.8,4543508,4131406.25
2018-07-02T13:30:00Z,1682.7,1713.89,1678.06,1713.78,3185696,4131304.2
2018-07-03T13:30:00Z,1723.96,1725,1692.48,1693.96,2177276,4001059.15
2018-07-05T13:30:00Z,1705.38,1710.69,1682.1501,1699.73,2983110,3876554
2018-07-06T13:30:00Z,1696,1715.268,1691.67,1710.63,2650262,3820782.75
2018-07-09T13:30:00Z,1724.05,1739.56,1716.23,1739.02,3011988,3823626.65
2018-07-10T13:30:00Z,1738.53,1750,1731,1743.07,3002905,3856997.7
2018-07-11T13:30:00Z,1737.99,1756.96,1734,1755,3209782,3904526.05
2018-07-12T13:30:00Z,1764.51,1798,1762.18,1796.62,4532743,3964786.75
2018-07-13T13:30:00Z,1803.93,1815.3,1795.225,1813.03,4386679,4025399.95
2018-07-16T13:30:00Z,1821.95,1841.95,1814.45,1822.49,5466195,4059827.4
2018-07-17T13:30:00Z,1811.56,1851.69,1797.3838,1843.93,5682881,4188584.35
2018-07-18T13:30:00Z,1848,1858.88,1831.27,1842.92,4861913,4217174.15
2018-07-19T13:30:00Z,1829.46,1841,1811.27,1812.97,4676942,4234391.7
2018-07-20T13:30:00Z,1825.01,1834.84,1810.06,1813.7,3891566,4181912.6
2018-07-23T13:30:00Z,1812.21,1819,1769.99,1802,3888462,4172579.5
2018-07-24T13:30:00Z,1829.01,1840,1809.3829,1829.24,4278723,4010955.85
2018-07-25T13:30:00Z,1829.3,1863.84,1822.64,1863.61,3836333,3983443.25
2018-07-26T13:30:00Z,1839,1844.68,1804.5,1808,9924371,4236051.75
2018-07-27T13:30:00Z,1876.05,1880.05,1806.53,1817.27,9680959,4493614.7
2018-07-30T13:30:00Z,1827.33,1829.5,1766.02,1779.22,6562321,4594555.35
2018-07-31T13:30:00Z,1786.49,1801.83,1739.32,1777.44,5738713,4722206.2
2018-08-01T13:30:00Z,1784,1798.4365,1776.02,1797.17,4153096,4820997.2
2018-08-02T13:30:00Z,1788.77,1836.56,1786,1834.33,4354681,4889575.75
2018-08-03T13:30:00Z,1837.7436,1841,1821.501,1823.29,3460487,4930087
2018-08-06T13:30:00Z,1825.81,1847.77,1818.92,1847.75,3391825,4949078.85
2018-08-07T13:30:00Z,1854.53,1869.72,1846.2673,1862.48,3377473,4967807.25
2018-08-08T13:30:00Z,1861,1891.51,1854.5,1886.52,3963017,5005469
2018-08-09T13:30:00Z,1882,1914.57,1877.48,1898.52,4860374,5021850.55
2018-08-10T13:30:00Z,1888.51,1899.5,1878.2125,1886.3,3639927,4984512.95
2018-08-13T13:30:00Z,1898.5,1925,1893.67,1896.2,5531475,4987776.95
2018-08-14T13:30:00Z,1919.39,1921.01,1900,1919.65,3986123,4902939.05
2018-08-15T13:30:00Z,1909.55,1916.21,1869.79,1882.62,7700682,5044877.5
2018-08-16T13:30:00Z,1903.94,1905,1883.5525,1886.52,3957090,5008884.9
2018-08-17T13:30:00Z,1885.8,1888,1855.55,1882.22,4104300,5019521.6
2018-08-20T13:30:00Z,1890.57,1891.7465,1866.061,1876.71,2862016,4968199.3
2018-08-21T13:30:00Z,1880,1897.75,1874.405,1883.42,3105626,4909544.45
2018-08-22T13:30:00Z,1876.64,1905.8,1876.64,1904.9,3080464,4871751
2018-08-23T13:30:00Z,1907.17,1919.5,1900.76,1902.9,3562997,4553682.3
2018-08-24T13:30:00Z,1910.51,1916.01,1902.54,1905.39,2800863,4209677.5
2018-08-27T13:30:00Z,1915,1927.7,1909.281,1927.68,3569037,4060013.3
2018-08-28T13:30:00Z,1937.73,1941.7771,1928.82,1932.82,3100727,3928114
2018-08-29T13:30:00Z,1953.45,1998.6899,1948.94,1998.1,6531761,4047047.25
2018-08-30T13:30:00Z,1997.42,2025.57,1986.9,2002.38,7277257,4193176.05
2018-08-31T13:30:00Z,2007,2022.38,2004.74,2012.71,4204378,4230370.6
2018-09-04T13:30:00Z,2026.5,2050.5,2013,2039.51,5721093,4346834
2018-09-05T13:30:00Z,2038.11,2040.38,1989.89,1994.82,8220576,4588989.15
2018-09-06T13:30:00Z,2006.505,2007.5,1935.209,1958.31,7488680,4765272.3
2018-09-07T13:30:00Z,1938.71,1975.2,1937.35,1952.07,4892643,4766885.75
2018-09-10T13:30:00Z,1971,1973.04,1931.5158,1939.01,4544831,4812130.95
2018-09-11T13:30:00Z,1928.27,1988.88,1917,1987.15,5033645,4787239.45
2018-09-12T13:30:00Z,1994,2000,1962.44,1990,4414012,4808633.9
2018-09-13T13:30:00Z,2000,2008.76,1982.0277,1989.87,3621511,4604675.35
2018-09-14T13:30:00Z,1992.93,1993.648,1959.22,1970.19,3642030,4588922.35
2018-09-17T13:30:00Z,1954.73,1956.82,1887.41,1908.03,7050192,4736216.95
2018-09-18T13:30:00Z,1918.65,1958.2,1915.4391,1941.05,4268706,4806551.45
2018-09-19T13:30:00Z,1940.5,1940.83,1904.9,1926.42,4056822,4854111.25
2018-09-20T13:30:00Z,1938.58,1955,1932.25,1944.3,3154934,4857834.75
2018-09-21T13:30:00Z,1954.22,1957.31,1910.5011,1915.01,6855898,5022479.8
2018-09-24T13:30:00Z,1903.79,1936.88,1865,1934.36,4213728,5093123.05
2018-09-25T13:30:00Z,1942.9,1975.91,1938.85,1974.55,4538407,5141591.55
2018-09-26T13:30:00Z,1968.5,1995.25,1961.52,1974.85,4313459,5202228.15
2018-09-27T13:30:00Z,1993.2365,2016.1564,1988.58,2012.98,4329391,5092109.65
2018-09-28T13:30:00Z,2004.41,2026.52,1996.4648,2003,4085135,4932503.55
2018-10-01T13:30:00Z,2021.99,2033.19,2003.6,2004.36,3468285,4895698.9
2018-10-02T13:30:00Z,1999.99,2013.39,1965.77,1971.31,5400749,4879681.7
2018-10-03T13:30:00Z,1981.7,1989.7,1949.81,1952.76,5253131,4731309.45
2018-10-04T13:30:00Z,1949,1956,1896.57,1909.42,7256973,4719724.1
2018-10-05T13:30:00Z,1917.99,1929.08,1862.83,1889.65,6822327,4816208.3
2018-10-08T13:30:00Z,1874,1901.9962,1830.6627,1864.42,7393199,4958626.7
2018-10-09T13:30:00Z,1859.99,1896.6759,1852.32,1870.32,4772866,4945587.75
2018-10-10T13:30:00Z,1857.89,1858.56,1754.41,1755.25,10988855,5274329.9
2018-10-11T13:30:00Z,1724,1755.4,1685.1,1719.36,13935872,5790047.95
2018-10-12T13:30:00Z,1808,1808.95,1742.53,1788.61,9444587,6080175.8
2018-10-15T13:30:00Z,1795,1795.05,1734.23,1760.95,6437162,6049524.3
2018-10-16T13:30:00Z,1783.5,1823.88,1761.55,1819.96,5859918,6129084.9
2018-10-17T13:30:00Z,1842.79,1845,1807,1831.73,5295177,6191002.65
2018-10-18T13:30:00Z,1821.49,1830.15,1767.87,1770.72,5873995,6326955.7
2018-10-19T13:30:00Z,1785.16,1809.1,1753,1764.03,5907246,6279523.1
2018-10-22T13:30:00Z,1784,1809.4999,1756,1789.3,4500015,6293837.45
2018-10-23T13:30:00Z,1742.24,1776.34,1714,1768.7,6723913,6403112.75
2018-10-24T13:30:00Z,1773.7,1777.7099,1656.56,1664.2,6928383,6533858.95
2018-10-25T13:30:00Z,1703.34,1794.81,1692.0101,1782.17,10285742,6831676.5
2018-10-26T13:30:00Z,1649.59,1698.46,1603,1642.81,14963783,7375608.9
2018-10-29T13:30:00Z,1660,1665.7383,1495,1538.88,13866077,7895498.5
2018-10-30T13:30:00Z,1486.16,1540.99,1476.36,1530.42,12460086,8248465.35
2018-10-31T13:30:00Z,1569.99,1623.91,1565.09,1598.01,9390211,8455319.35
2018-11-01T13:30:00Z,1623.53,1670.4465,1598.44,1665.53,8135539,8499247.65
2018-11-02T13:30:00Z,1678.59,1697.44,1651.83,1665.53,6955548,8505908.7
2018-11-05T14:30:00Z,1657.57,1658.09,1596.36,1627.8,5624727,8417485.1
2018-11-06T14:30:00Z,1618.35,1665,1614.55,1642.81,4257353,8391709.45
2018-11-07T14:30:00Z,1673,1759.23,1664.075,1755.49,8192234,8251878.4
2018-11-08T14:30:00Z,1755,1784,1725.11,1754.91,6534866,7881828.1
2018-11-09T14:30:00Z,1732.5,1743.9206,1701.87,1712.43,5902186,7704708.05
2018-11-12T14:30:00Z,1698.24,1708.55,1630.01,1636.85,6806245,7723162.2
2018-11-13T14:30:00Z,1649.29,1677.0638,1613.75,1631.17,5933271,7726829.85
2018-11-14T14:30:00Z,1656.32,1672.9952,1597.07,1599.01,6486891,7786415.55
2018-11-15T14:30:00Z,1581.01,1624.82,1546.51,1619.44,8427337,7914082.65
2018-11-16T14:30:00Z,1587.5,1614.48,1573.12,1593.41,6066080,7922024.35
2018-11-19T14:30:00Z,1577.01,1581.19,1503.36,1512.29,7789981,8086522.65
2018-11-20T14:30:00Z,1437.5,1534.75,1420,1495.46,10878823,8294268.15
2018-11-21T14:30:00Z,1542.99,1550,1515,1516.73,5716800,8233689
2018-11-23T14:30:00Z,1517,1536.2,1501.81,1502.06,2707642,7854784
2018-11-26T14:30:00Z,1539,1584.81,1524.22,1581.33,6257716,7419480.65
2018-11-27T14:30:00Z,1575.99,1597.65,1558.01,1581.42,5783227,7015338.15
2018-11-28T14:30:00Z,1613.92,1681.45,1601.215,1677.75,8458738,6815270.75
2018-11-29T14:30:00Z,1674.99,1689.99,1652.331,1673.57,6613243,6676422.35
2018-11-30T14:30:00Z,1679.5,1696,1666.5,1690.17,5761761,6557733.45
2018-12-03T14:30:00Z,1769.46,1778.34,1730,1772.36,6862160,6553064.05
2018-12-04T14:30:00Z,1756,1770.3382,1665,1668.4,8694455,6706550.45
2018-12-06T14:30:00Z,1614.87,1701.05,1609.85,1699.19,8789394,6933152.5
2018-12-07T14:30:00Z,1705.07,1718.9262,1625.46,1629.13,7576132,6902347.4
2018-12-10T14:30:00Z,1623.84,1657.99,1590.87,1641.03,7494808,6950344.5
2018-12-11T14:30:00Z,1678,1679.4684,1619.6,1643.24,6244695,6967469.95
2018-12-12T14:30:00Z,1669,1704.99,1660.27,1663.54,6597968,6957056.1
2018-12-13T14:30:00Z,1680,1692.12,1641.5,1658.38,5271162,6923950.65
2018-12-14T14:30:00Z,1638,1642.57,1585,1591.91,6367163,6917964.25
2018-12-17T14:30:00Z,1566,1576.13,1505.01,1520.91,8829762,6938085.5
2018-12-18T14:30:00Z,1540,1567.55,1523.01,1551.48,6522975,6960930.25
2018-12-19T14:30:00Z,1543.05,1584.53,1483.18,1495.08,8792189,7011040.65
2018-12-20T14:30:00Z,1484,1509.5,1432.69,1460.83,9991833,6966691.15
2018-12-21T14:30:00Z,1464.99,1480,1363.96,1377.45,13640320,7362867.15
2018-12-24T14:30:00Z,1346,1396.03,1307,1343.96,7219996,7588484.85
2018-12-26T14:30:00Z,1368.89,1473.1567,1363.01,1470.9,10411801,7796189.1
2018-12-27T14:30:00Z,1454.2,1469,1390.31,1461.64,9722034,7993129.45
2018-12-28T14:30:00Z,1473.35,1513.47,1449,1478.02,8828950,8011640.05
2018-12-31T14:30:00Z,1510.8,1520.76,1487,1501.97,6954507,8028703.25
2019-01-02T14:30:00Z,1465.2,1553.36,1460.93,1539.13,7983103,8139770.35
2019-01-03T14:30:00Z,1520.01,1538,1497.11,1500.28,6975572,8145440.95
2019-01-04T14:30:00Z,1530,1594,1518.3101,1575.39,9182575,8169846.95
2019-01-07T14:30:00Z,1602.31,1634.56,1589.185,1629.51,7993213,8130037.9
2019-01-08T14:30:00Z,1664.69,1676.61,1616.61,1656.58,8881428,8195302.7
2019-01-09T14:30:00Z,1652.98,1667.7989,1641.3953,1659.42,6348801,8138002.35
2019-01-10T14:30:00Z,1641.01,1663.25,1621.615,1656.22,6507693,8151152.25
2019-01-11T14:30:00Z,1640.55,1660.294,1636.22,1640.56,4686222,8055564.95
2019-01-14T14:30:00Z,1615,1648.2,1595.15,1617.21,6005888,8092301.25
2019-01-15T14:30:00Z,1632,1675.16,1626.01,1674.56,5998510,8073868.6
2019-01-16T14:30:00Z,1684.22,1705,1675.8787,1683.78,6366864,7950723.7
2019-01-17T14:30:00Z,1680,1700.17,1677.5,1693.22,4208875,7835018.7
2019-01-18T14:30:00Z,1712,1716.2,1691.54,1696.2,6020503,7696434.4
2019-01-22T14:30:00Z,1681,1681.8668,1610.2,1632.17,6416796,7517682.55
2019-01-23T14:30:00Z,1656,1657.43,1612,1640.02,5225212,7096927.15
2019-01-24T14:30:00Z,1641.07,1657.2572,1631.7847,1654.93,4089943,6940424.5
2019-01-25T14:30:00Z,1670.5,1683.48,1661.6122,1670.57,4959679,6667818.4
2019-01-28T14:30:00Z,1643.59,1645,1614.09,1637.89,4837711,6423602.25
2019-01-29T14:30:00Z,1631.27,1632.38,1590.72,1593.88,4632782,6213793.85
2019-01-30T14:30:00Z,1623,1676.95,1619.68,1670.43,5783822,6155259.6
2019-01-31T14:30:00Z,1692.85,1736.411,1679.0821,1718.73,10910338,6301621.35
2019-02-01T14:30:00Z,1638.88,1673.06,1622.01,1626.23,11506213,6528153.4
2019-02-04T14:30:00Z,1623,1649.63,1613.5,1633.31,4929187,6315484
2019-02-05T14:30:00Z,1643.34,1665.26,1642.5,1658.81,4453105,6138478.6
2019-02-06T14:30:00Z,1670.75,1672.26,1633.34,1640.26,3939883,5891401.35
2019-02-07T14:30:00Z,1625,1625.5389,1592.91,1614.37,4626589,5805290.75
2019-02-08T14:30:00Z,1586,1588.59,1566.756,1588.22,5657457,5762778.95
2019-02-11T14:30:00Z,1600.98,1609.29,1586,1591,3317328,5694334.25
2019-02-12T14:30:00Z,1604,1639.395,1598.88,1638.01,4858604,5636970.05
2019-02-13T14:30:00Z,1647,1656.38,1637.1063,1640,3560321,5515060.6
2019-02-14T14:30:00Z,1624.5,1637.9,1606.061,1622.65,4120524,5402743.6
2019-02-15T14:30:00Z,1627.86,1628.9099,1604.5,1607.95,4343893,5409494.5
2019-02-19T14:30:00Z,1601,1634,1600.56,1627.58,3681656,5292552.15
2019-02-20T14:30:00Z,1630,1634.93,1610.12,1622.1,3337589,5138591.8
2019-02-21T14:30:00Z,1619.85,1623.56,1600.91,1619.44,3483392,5051500.8
2019-02-22T14:30:00Z,1623.5,1634.94,1621.17,1631.56,3096191,5001813.2
2019-02-25T14:30:00Z,1641.45,1654.6,1630.3873,1633,3184462,4913052.35
2019-02-26T14:30:00Z,1625.98,1639.99,1616.1335,1636.4,2665815,4804457.55
2019-02-27T14:30:00Z,1628.18,1641.81,1615.1,1641.09,3148824,4730259.65
2019-02-28T14:30:00Z,1635.25,1651.77,1633.83,1639.83,3025891,4592363.1
2019-03-01T14:30:00Z,1655.13,1674.26,1651,1671.73,4974877,4295590.05
2019-03-04T14:30:00Z,1685,1709.43,1674.36,1696.17,6167358,4028647.3
2019-03-05T14:30:00Z,1702.95,1707.8,1689.01,1692.43,3681522,3966264.05
2019-03-06T14:30:00Z,1695.97,1697.75,1668.28,1668.95,3996001,3943408.85
2019-03-07T14:30:00Z,1667.37,1669.7534,1620.51,1625.95,4957017,3994265.55
2019-03-08T14:30:00Z,1604.01,1622.72,1586.57,1620.8,4667014,3996286.8
2019-03-11T13:30:00Z,1626.12,1672.285,1626.01,1670.62,3876352,3907231.55
2019-03-12T13:30:00Z,1669,1684.265,1660.98,1673.1,3614498,3922090.05
2019-03-13T13:30:00Z,1683,1700,1679.35,1690.81,3552041,3856761.9
2019-03-14T13:30:00Z,1691.2,1702,1684.34,1686.22,2946618,3826076.75
2019-03-15T13:30:00Z,1703,1718.8,1693.13,1712.36,7550870,3997594.05
2019-03-18T13:30:00Z,1712.7,1750,1712.63,1742.15,5429058,4051852.3
2019-03-19T13:30:00Z,1753.51,1784.16,1753.51,1761.85,6364161,4185977.55
2019-03-20T13:30:00Z,1769.94,1799.5,1767.0338,1797.27,6265633,4332379.75
2019-03-21T13:30:00Z,1796.26,1823.75,1787.281,1819.26,5767797,4446600
2019-03-22T13:30:00Z,1810.17,1818.98,1763.11,1764.77,6362983,4609939.6
2019-03-25T13:30:00Z,1757.79,1782.6751,1747.5,1774.26,5103803,4705906.65
2019-03-26T13:30:00Z,1793,1805.77,1773.3598,1783.76,4865880,4815909.9
2019-03-27T13:30:00Z,1784.13,1787.5,1745.68,1765.7,4324801,4874708.75
2019-03-28T13:30:00Z,1770,1777.93,1753.47,1773.42,3042958,4875562.1
2019-03-29T13:30:00Z,1786.58,1792.86,1776.63,1780.75,3320793,4792857.9
2019-04-01T13:30:00Z,1800.11,1815.67,1798.73,1814.19,4238752,4696427.6
2019-04-02T13:30:00Z,1811.02,1820,1805.121,1813.98,3448115,4684757.25
2019-04-03T13:30:00Z,1826.72,1830,1809.62,1820.7,3980590,4683986.7
2019-04-04T13:30:00Z,1820.65,1828.75,1804.2,1818.86,3623867,4617329.2
2019-04-05T13:30:00Z,1829,1838.58,1825.19,1837.28,3640476,4566002.3
2019-04-08T13:30:00Z,1833.23,1850.2,1825.11,1849.86,3752841,4559826.75
2019-04-09T13:30:00Z,1845.49,1853.09,1831.78,1835.84,3714368,4564820.25
2019-04-10T13:30:00Z,1841,1848,1828.81,1847.33,2963973,4535416.85
2019-04-11T13:30:00Z,1848.7,1849.95,1840.31,1844.07,2654842,4520828.05
2019-04-12T13:30:00Z,1848.4,1851.5,1841.3,1843.06,3114413,4299005.2
2019-04-15T13:30:00Z,1842,1846.85,1818.9,1844.87,3724423,4213773.45
2019-04-16T13:30:00Z,1851.35,1869.77,1848,1863.04,3044618,4047796.3
2019-04-17T13:30:00Z,1872.99,1876.473,1860.44,1864.82,2893517,3879190.5
2019-04-18T13:30:00Z,1868.79,1870.82,1859.48,1861.69,2749882,3728294.75
2019-04-22T13:30:00Z,1855.4,1888.42,1845.64,1887.31,3373807,3578835.95
2019-04-23T13:30:00Z,1891.2,1929.26,1889.58,1923.77,4640441,3555667.85
2019-04-24T13:30:00Z,1925,1929.6899,1898.16,1901.75,3675781,3496162.9
2019-04-25T13:30:00Z,1917.0035,1922.45,1900.31,1902.25,6099101,3584877.9
2019-04-26T13:30:00Z,1929,1951,1898,1950.63,8432563,3854358.15
2019-04-29T13:30:00Z,1949,1956.335,1934.09,1938.43,4021255,3889381.25
2019-04-30T13:30:00Z,1930.1,1935.71,1906.95,1926.52,3506007,3852744
2019-05-01T13:30:00Z,1933.09,1943.64,1910.55,1911.52,3116964,3836186.45
2019-05-02T13:30:00Z,1913.33,1921.55,1881.87,1900.82,3962915,3835302.7
2019-05-03T13:30:00Z,1949,1964.4,1936,1962.46,6381564,3973187.55
2019-05-06T13:30:00Z,1917.98,1959,1910.5,1950.55,5417841,4062055.8
2019-05-07T13:30:00Z,1939.99,1949.1005,1903.3795,1921,5902134,4169520.45
2019-05-08T13:30:00Z,1918.87,1935.37,1910,1917.77,4078568,4187730.45
2019-05-09T13:30:00Z,1900,1909.4,1876,1899.87,5308263,4304944.95
2019-05-10T13:30:00Z,1898,1903.79,1856,1889.98,5717994,4458102.55
2019-05-13T13:30:00Z,1836.56,1846.535,1818,1822.68,5783410,4591552.4
2019-05-14T13:30:00Z,1839.5,1852.44,1815.75,1840.12,4629107,4636786.6
2019-05-15T13:30:00Z,1827.95,1874.427,1823,1871.15,4692642,4719187.8
2019-05-16T13:30:00Z,1885.94,1917.51,1882.29,1907.57,4707822,4809903.05
2019-05-17T13:30:00Z,1893.05,1910.53,1867.33,1869,4736618,4909239.85
2019-05-20T13:30:00Z,1852.69,1867.78,1835.54,1858.97,3798198,4930459.4
2019-05-21T13:30:00Z,1874.79,1879,1846,1857.52,4005122,4898693.45
2019-05-22T13:30:00Z,1851.78,1871.485,1851,1859.68,2936601,4861734.45
2019-05-23T13:30:00Z,1836.59,1844,1804.2,1815.48,4424265,4777992.65
2019-05-24T13:30:00Z,1835.89,1841.76,1817.851,1823.28,3369673,4524848.15
2019-05-28T13:30:00Z,1832.75,1849.2669,1827.35,1836.43,3199965,4483783.65
2019-05-29T13:30:00Z,1823.12,1830,1807.5327,1819.19,4279025,4522434.55
2019-05-30T13:30:00Z,1825.49,1829.47,1807.825,1816.32,3146850,4523928.85
2019-05-31T13:30:00Z,1790.01,1795.585,1772.7034,1775.07,4618819,4556724.05
2019-06-03T13:30:00Z,1760.01,1766.29,1672,1692.69,9098708,4692581.25
2019-06-04T13:30:00Z,1699.24,1730.82,1680.89,1729.56,5679121,4705645.25
2019-06-05T13:30:00Z,1749.6,1752,1715.2514,1738.5,4239782,4622527.65
2019-06-06T13:30:00Z,1737.71,1760,1726.13,1754.36,3689272,4603062.85
2019-06-07T13:30:00Z,1763.7,1806.2538,1759.49,1804.03,4808246,4578062
2019-06-10T13:30:00Z,1822,1884.87,1818,1860.63,5371007,4560712.65
2019-06-11T13:30:00Z,1883.25,1893.7,1858,1863.7,4042694,4473676.85
2019-06-12T13:30:00Z,1853.98,1865,1844.38,1855.32,2678335,4376138.25
2019-06-13T13:30:00Z,1866.72,1883.09,1862.22,1870.3,2795810,4281296.65
2019-06-14T13:30:00Z,1864,1876,1859,1869.67,2851163,4188463.7
2019-06-17T13:30:00Z,1876.5,1895.688,1875.45,1886.03,2634342,4083349.9
2019-06-18T13:30:00Z,1901.35,1921.67,1899.79,1901.37,3895728,4088226.4
2019-06-19T13:30:00Z,1907.84,1919.5807,1892.47,1908.79,2895347,4032737.65
2019-06-20T13:30:00Z,1933.33,1935.2,1905.8,1918.19,3217153,4046765.25
2019-06-21T13:30:00Z,1916.1,1925.95,1907.58,1911.3,3933576,4022230.8
2019-06-24T13:30:00Z,1912.66,1916.86,1901.3,1913.9,2282969,3967895.6
2019-06-25T13:30:00Z,1911.84,1916.385,1872.42,1878.27,3012347,3958514.7
2019-06-26T13:30:00Z,1892.48,1903.8,1887.32,1897.83,2441910,3866658.95
2019-06-27T13:30:00Z,1902,1911.24,1898.04,1904.28,2141721,3816402.5
2019-06-28T13:30:00Z,1909.1,1912.94,1884,1893.63,3037358,3737329.45
2019-07-01T13:30:00Z,1922.98,1929.82,1914.66,1922.19,3203347,3442561.4
2019-07-02T13:30:00Z,1919.38,1934.79,1906.63,1934.31,2651299,3291170.3
2019-07-03T13:30:00Z,1935.89,1941.59,1930.5,1939,1690294,3163695.9
2019-07-05T13:30:00Z,1928.6,1945.9,1925.3,1942.91,2628359,3110650.25
2019-07-08T13:30:00Z,1934.12,1956,1928.2532,1952.32,2883371,3014406.5
2019-07-09T13:30:00Z,1947.8,1990.01,1943.475,1988.3,4345698,2963141.05
2019-07-10T13:30:00Z,1996.51,2024.94,1995.4,2017.41,4931902,3007601.45
2019-07-11T13:30:00Z,2025.62,2035.8,1995.3,2001.07,4317766,3089573
2019-07-12T13:30:00Z,2008.27,2017,2003.87,2011,2509297,3075247.35
2019-07-15T13:30:00Z,2021.4,2022.9,2001.55,2020.99,2981343,3081756.35
2019-07-16T13:30:00Z,2010.58,2026.3196,2001.22,2009.9,2618198,3080949.15
2019-07-17T13:30:00Z,2007.05,2012,1992.03,1992.03,2558809,3014103.2
2019-07-18T13:30:00Z,1980.01,1987.5,1951.55,1977.9,3504252,3044548.45
2019-07-19T13:30:00Z,1991.21,1996,1962.2255,1964.52,3185612,3042971.4
2019-07-22T13:30:00Z,1971.14,1989,1958.26,1985.63,2908111,2991698.15
2019-07-23T13:30:00Z,1995.99,1997.79,1973.13,1994.49,2703480,3012723.7
2019-07-24T13:30:00Z,1969.3,2001.3,1965.87,2000.81,2631300,2993671.35
2019-07-25T13:30:00Z,2001,2001.2,1972.72,1973.82,4136461,3078398.9
2019-07-26T13:30:00Z,1942,1950.895,1924.51,1943.05,4927143,3217670
2019-07-29T13:30:00Z,1930,1932.226,1890.54,1912.45,4493190,3290461.6
2019-07-30T13:30:00Z,1891.115,1909.89,1883.48,1898.53,2910888,3275838.65
2019-07-31T13:30:00Z,1898.11,1899.55,1849.44,1866.78,4470727,3366810.05
2019-08-01T13:30:00Z,1871.72,1897.92,1844.01,1855.32,4713311,3517960.9
2019-08-02T13:30:00Z,1845.07,1846.3634,1808.02,1823.24,4956225,3634354.2
2019-08-05T13:30:00Z,1770.22,1788.6678,1748.78,1765.13,6058212,3793096.25
2019-08-06T13:30:00Z,1792.23,1793.77,1753.4,1787.83,5070258,3829324.25
2019-08-07T13:30:00Z,1773.99,1798.93,1757,1793.4,4526884,3809073.35
2019-08-08T13:30:00Z,1806,1834.26,1798.11,1832.89,3701242,3778247.15
2019-08-09T13:30:00Z,1828.95,1831.091,1802.22,1807.58,2879770,3796770.8
2019-08-12T13:30:00Z,1795.99,1800.98,1777,1784.92,2905498,3792978.55
2019-08-13T13:30:00Z,1783,1831.7429,1780,1824.34,4075021,3865819.7
2019-08-14T13:30:00Z,1793.01,1795.6514,1757.215,1762.96,4893649,3982561.7
2019-08-15T13:30:00Z,1781.99,1788,1761.96,1776.12,3809948,3997846.5
2019-08-16T13:30:00Z,1792.89,1802.9082,1784.5496,1792.57,3054240,3991277.9
2019-08-19T13:30:00Z,1818.08,1826,1812.61,1816.12,2820303,3986887.5
2019-08-20T13:30:00Z,1814.5,1816.82,1799.88,1801.38,1932835,3948355.25
2019-08-21T13:30:00Z,1819.39,1829.5785,1815,1823.54,2039231,3918751.8
2019-08-22T13:30:00Z,1828,1829.4111,1800.1,1805.6,2658388,3844848.15
2019-08-23T13:30:00Z,1793.03,1804.8962,1745.23,1749.62,5277898,3862385.9
2019-08-26T13:30:00Z,1766.91,1770,1743.51,1768.87,3085320,3791992.4
2019-08-27T13:30:00Z,1775.73,1779.4,1746.68,1761.83,3027245,3797810.25
2019-08-28T13:30:00Z,1755,1767.86,1744.0505,1764.25,2421893,3695368.55
2019-08-29T13:30:00Z,1783,1798.55,1777.25,1786.4,3018012,3610603.6
2019-08-30T13:30:00Z,1797.49,1799.74,1764.57,1776.29,3064147,3515999.7
2019-09-03T13:30:00Z,1770,1800.8,1768,1789.84,3546859,3390432.05
2019-09-04T13:30:00Z,1805,1807.6308,1796.23,1800.62,2326228,3253230.55
2019-09-05T13:30:00Z,1821.95,1842,1815.575,1840.72,3325189,3193145.8
2019-09-06T13:30:00Z,1838.22,1840.65,1826.4,1833.51,2496933,3132930.35
2019-09-09T13:30:00Z,1841,1850,1824.61,1831.35,2999515,3138917.6
2019-09-10T13:30:00Z,1822.75,1825.81,1805.3356,1820.55,2613879,3124336.65
2019-09-11T13:30:00Z,1812.14,1833.42,1809.08,1822.99,2432767,3042223.95
2019-09-12T13:30:00Z,1837.63,1853.66,1834.28,1843.55,2823505,2938716.75
2019-09-13T13:30:00Z,1842.01,1846.1215,1835.17,1839.34,1971317,2846785.2
2019-09-16T13:30:00Z,1824.02,1825.6941,1800.2,1807.84,3675473,2877846.85
2019-09-17T13:30:00Z,1807.08,1823.99,1804.1,1822.55,2033058,2838484.6
2019-09-18T13:30:00Z,1817.04,1822.06,1795.5,1817.46,2536012,2868643.45
2019-09-19T13:30:00Z,1821.02,1832.57,1817.9,1821.5,2078335,2870598.65
2019-09-20T13:30:00Z,1821.71,1830.63,1780.92,1794.16,5555839,3015471.2
2019-09-23T13:30:00Z,1777,1792.7,1767.32,1785.3,3139142,2908533.4
2019-09-24T13:30:00Z,1790.605,1795.705,1735.545,1741.61,4637901,2986162.45
2019-09-25T13:30:00Z,1747.36,1773,1723,1768.33,3531098,3011355.1
2019-09-26T13:30:00Z,1762.79,1763.37,1731.5,1739.84,3571952,3068858.05
2019-09-27T13:30:00Z,1748,1749.12,1713.82,1725.45,3948029,3115358.9
2019-09-30T13:30:00Z,1726.99,1737.46,1709.22,1735.91,2760768,3100189.95
2019-10-01T13:30:00Z,1746,1755.6,1728.41,1735.65,3170460,3081370
2019-10-02T13:30:00Z,1727.74,1728.89,1705,1713.23,3338476,3131982.4
2019-10-03T13:30:00Z,1713,1725,1685.06,1724.42,3624371,3146941.5
2019-10-04T13:30:00Z,1726.02,1740.575,1719.23,1739.65,2489277,3146558.7
2019-10-07T13:30:00Z,1731.63,1747.83,1723.7,1732.66,2187598,3105962.85
2019-10-08T13:30:00Z,1722.49,1727,1705,1705.51,2626840,3106610.9
2019-10-09T13:30:00Z,1719.61,1729.95,1714.36,1721.99,2089335,3089439.3
2019-10-10T13:30:00Z,1725.24,1738.29,1713.75,1720.26,2721531,3084340.6
2019-10-11T13:30:00Z,1742.92,1745.45,1729.86,1731.92,3279534,3149751.45
2019-10-14T13:30:00Z,1728.91,1741.8887,1722,1736.43,1928898,3062422.7
2019-10-15T13:30:00Z,1742.14,1776.45,1740.62,1767.38,3129244,3117232
2019-10-16T13:30:00Z,1773.33,1786.24,1770.521,1777.43,2804068,3130634.8
2019-10-17T13:30:00Z,1796.49,1798.85,1782.02,1787.48,2713773,3162406.7
2019-10-18T13:30:00Z,1787.8,1793.98,1749.2001,1757.51,3366091,3052919.3
2019-10-21T13:30:00Z,1769.66,1785.88,1765,1785.66,2224902,3007207.3
2019-10-22T13:30:00Z,1788.15,1789.7799,1762,1765.73,2234425,2887033.5
2019-10-23T13:30:00Z,1761.3,1770.05,1742,1762.17,2190380,2819997.6
2019-10-24T13:30:00Z,1771.09,1788.3379,1760.27,1780.78,5204350,2901617.5
2019-10-25T13:30:00Z,1697.55,1764.21,1695,1761.33,9626402,3185536.15
2019-10-28T13:30:00Z,1748.06,1778.7,1742.5,1777.08,3708851,3232940.3
2019-10-29T13:30:00Z,1774.81,1777,1755.81,1762.71,2276855,3188260.05
2019-10-30T13:30:00Z,1760.24,1782.38,1759.115,1779.99,2449405,3143806.5
2019-10-31T13:30:00Z,1775.99,1792,1771.4753,1776.66,2781185,3101647.2
2019-11-01T13:30:00Z,1788.01,1797.445,1785.21,1791.44,2790354,3116701.05
2019-11-04T14:30:00Z,1801.01,1815.06,1801.01,1804.66,2771922,3145917.25
2019-11-05T14:30:00Z,1809.16,1810.25,1794,1801.71,1885543,3108852.4
2019-11-06T14:30:00Z,1801,1802.5,1788.58,1795.77,2029783,3105874.8
2019-11-07T14:30:00Z,1803.76,1805.9,1783.48,1788.2,2651086,3102352.55
2019-11-08T14:30:00Z,1787.89,1789.88,1774.04,1785.88,2126198,3044685.75
2019-11-11T14:30:00Z,1778,1780,1767.13,1771.65,1947810,3045631.35
2019-11-12T14:30:00Z,1774.66,1786.22,1771.91,1778,2038925,2991115.4
2019-11-13T14:30:00Z,1773.39,1775,1747.3216,1753.11,2926892,2997256.6
2019-11-14T14:30:00Z,1751.43,1766.5931,1749.56,1754.6,2269417,2975038.8
2019-11-15T14:30:00Z,1760.05,1761.68,1732.86,1739.49,3931141,3003291.3
2019-11-18T14:30:00Z,1738.3,1753.7,1722.71,1752.53,2841907,3034141.55
2019-11-19T14:30:00Z,1756.99,1760.68,1743.03,1752.79,2274535,3036147.05
2019-11-20T14:30:00Z,1749.14,1762.524,1734.12,1745.53,2793759,3066316
2019-11-21T14:30:00Z,1743,1746.87,1730.36,1734.71,2662938,2939245.4
2019-11-22T14:30:00Z,1739.02,1746.43,1731,1745.72,2479081,2581879.35
2019-11-25T14:30:00Z,1753.25,1777.42,1753.24,1773.84,3489467,2570910.15
2019-11-26T14:30:00Z,1779.92,1797.03,1778.35,1796.94,3190428,2616588.8
2019-11-27T14:30:00Z,1801,1824.5,1797.31,1818.51,3035846,2645910.85
2019-11-29T14:30:00Z,1817.78,1824.69,1800.79,1800.8,1923440,2603023.6
2019-12-02T14:30:00Z,1804.4,1805.55,1762.68,1781.6,3931750,2660093.4
2019-12-03T14:30:00Z,1760,1772.87,1747.23,1769.96,3529582,2697976.4
2019-12-04T14:30:00Z,1774.01,1789.0894,1760.2201,1760.69,2680700,2737734.25
2019-12-05T14:30:00Z,1763.5,1763.5,1740,1740.48,2827852,2777637.7
2019-12-06T14:30:00Z,1751.2,1754.4,1740.13,1751.6,3119979,2801082.35
2019-12-09T14:30:00Z,1750.66,1766.8919,1745.61,1749.51,2502489,2819896.9
2019-12-10T14:30:00Z,1747.4,1750.67,1735,1739.21,2515644,2848288.6
2019-12-11T14:30:00Z,1741.67,1750,1735.7102,1748.72,2101318,2851408.25
2019-12-12T14:30:00Z,1750,1764,1745.44,1760.33,3103949,2860261.1
2019-12-13T14:30:00Z,1765,1768.99,1755,1760.94,2747909,2884185.7
2019-12-16T14:30:00Z,1767,1769.5,1757.05,1769.21,3149345,2845095.9
2019-12-17T14:30:00Z,1778.01,1792,1777.39,1790.66,3646697,2885335.4
2019-12-18T14:30:00Z,1795.02,1798.2,1782.36,1784.03,3354137,2939315.5
2019-12-19T14:30:00Z,1780.5,1792.99,1774.06,1792.28,2738320,2936543.55
2019-12-20T14:30:00Z,1799.615,1802.97,1782.45,1786.5,5152460,3061019.65
2019-12-23T14:30:00Z,1788.26,1793,1784.51,1793,2137493,3043940.25
2019-12-24T14:30:00Z,1793.81,1795.57,1787.575,1789.21,881337,2913533.75
2019-12-26T14:30:00Z,1801.01,1870.46,1799.5,1868.77,6024608,3055242.75
2019-12-27T14:30:00Z,1882.92,1901.4,1866.01,1869.8,6188754,3212888.15
2019-12-30T14:30:00Z,1874,1884,1840.62,1846.89,3677306,3300581.45
2019-12-31T14:30:00Z,1842,1853.26,1832.23,1847.84,2510380,3229512.95
2020-01-02T14:30:00Z,1875,1898.01,1864.15,1898.01,4035910,3254829.35
2020-01-03T14:30:00Z,1864.5,1886.1965,1864.5,1874.97,3766604,3309124.55
2020-01-06T14:30:00Z,1860,1903.69,1860,1902.88,4065698,3371016.85
2020-01-07T14:30:00Z,1904.5,1913.89,1892.0433,1906.86,4134010,3421718.4
2020-01-08T14:30:00Z,1898.04,1910.9999,1886.4448,1891.97,3511966,3472192.25
2020-01-09T14:30:00Z,1909.89,1917.82,1895.8038,1901.05,3174962,3505158.15
2020-01-10T14:30:00Z,1905.37,1906.94,1880,1883.16,2856959,3542940.2
2020-01-13T14:30:00Z,1891.31,1898,1880.8,1891.3,2785844,3527034.95
2020-01-14T14:30:00Z,1885.88,1887.11,1858.55,1869.44,3446381,3561958.55
2020-01-15T14:30:00Z,1872.25,1878.86,1855.09,1862.02,2896592,3549320.9
2020-01-16T14:30:00Z,1882.99,1885.59,1866.02,1877.94,2659493,3499960.7
2020-01-17T14:30:00Z,1885.89,1886.64,1857.25,1864.72,3997340,3532120.85
2020-01-21T14:30:00Z,1865,1894.27,1860,1892,3707785,3580594.1
2020-01-22T14:30:00Z,1896.09,1902.5,1883.34,1887.46,3216257,3483783.95
2020-01-23T14:30:00Z,1885.11,1889.975,1872.76,1884.58,2484613,3501139.95
2020-01-24T14:30:00Z,1891.37,1894.99,1847.44,1861.64,3766181,3645382.15
2020-01-27T14:30:00Z,1820,1841,1815.34,1828.34,3528509,3520577.2
2020-01-28T14:30:00Z,1840.5,1858.11,1830.02,1853.25,2808040,3351541.5
2020-01-29T14:30:00Z,1864,1874.75,1855.02,1858,2101390,3272745.7
2020-01-30T14:30:00Z,1858,1872.87,1850.61,1870.68,6327438,3463598.6
2020-01-31T14:30:00Z,2051.47,2055.72,2002.27,2008.72,15567283,4040167.25
2020-02-03T14:30:00Z,2010.6,2048.5,2000.25,2004.2,5899094,4146791.75
2020-02-04T14:30:00Z,2029.88,2059.8,2015.37,2049.67,5289338,4207973.75
2020-02-05T14:30:00Z,2071.02,2071.02,2032,2039.87,4376174,4220081.95
2020-02-06T14:30:00Z,2041.02,2056.3,2024.8001,2050.23,3182954,4203631.35
2020-02-07T14:30:00Z,2041.99,2098.53,2038.1,2079.28,5095347,4299650.6
2020-02-10T14:30:00Z,2085.01,2135.6,2084.96,2133.91,5056235,4409614.4
2020-02-11T14:30:00Z,2150.9,2185.95,2136,2150.8,5746011,4557622.75
2020-02-12T14:30:00Z,2163.2,2180.2494,2155.29,2160,3334264,4552016.9
2020-02-13T14:30:00Z,2144.99,2170.28,2142,2149.87,3031791,4558776.85
2020-02-14T14:30:00Z,2155.68,2159.0352,2125.89,2134.87,2606169,4556110.65
2020-02-18T14:30:00Z,2125.02,2166.07,2124.105,2155.67,2951070,4503797.15
2020-02-19T14:30:00Z,2167.8,2185.1,2161.12,2170.22,2561165,4446466.15
2020-02-20T14:30:00Z,2173.07,2176.79,2127.45,2153.1,3131342,4442220.4
2020-02-21T14:30:00Z,2142.15,2144.55,2088,2095.97,4650740,4550526.75
2020-02-24T14:30:00Z,2003.18,2039.295,1987.9742,2009.29,6546997,4689567.55
2020-02-25T14:30:00Z,2026.42,2034.6,1958.42,1972.74,6219094,4824096.8
2020-02-26T14:30:00Z,1970.28,2014.67,1960.45,1979.59,5240402,4945714.9
2020-02-27T14:30:00Z,1934.38,1975,1882.7621,1884.3,8143993,5247845.05
2020-02-28T14:30:00Z,1814.63,1889.76,1811.129,1883.75,9493797,5406163
2020-03-02T14:30:00Z,1906.49,1954.51,1870,1953.95,6761651,4965881.4
2020-03-03T14:30:00Z,1975.37,1996.33,1888.0901,1908.99,7534491,5047651.25
2020-03-04T14:30:00Z,1946.57,1978,1922,1975.83,4772919,5021830.3
2020-03-05T14:30:00Z,1933,1960.72,1910,1924.03,4748210,5040432.1
2020-03-06T14:30:00Z,1875,1910.87,1869.5,1901.09,5273580,5144963.4
2020-03-09T13:30:00Z,1773.86,1862.77,1761.2901,1800.61,7813232,5280857.65
2020-03-10T13:30:00Z,1870.88,1894.27,1818.17,1891.82,7133310,5384711.4
2020-03-11T13:30:00Z,1857.85,1871.3194,1801.5,1820.86,5646831,5379752.4
2020-03-12T13:30:00Z,1721.98,1765,1675,1676.61,11346214,5780349.9
2020-03-13T13:30:00Z,1755,1786.31,1680.62,1785,8809725,6069246.6
2020-03-16T13:30:00Z,1641.51,1759.4519,1626.0318,1689.15,8917265,6384801.4
2020-03-17T13:30:00Z,1775.47,1857.775,1689.2402,1807.84,10917129,6783104.35
2020-03-18T13:30:00Z,1750,1841.66,1745,1830,9645218,7137307
2020-03-19T13:30:00Z,1860,1945,1832.65,1880.93,10399943,7500737.05
2020-03-20T13:30:00Z,1926.31,1957,1820.73,1846.09,9817850,7759092.55
2020-03-23T13:30:00Z,1827.75,1919.4,1812,1902.83,7808489,7822167.15
2020-03-24T13:30:00Z,1951.495,1955,1900.3403,1940.1,7147080,7868566.45
2020-03-25T13:30:00Z,1920.69,1950.26,1885.78,1885.84,6479073,7930500
2020-03-26T13:30:00Z,1902,1956.49,1889.29,1955.49,6235118,7835056.25
2020-03-27T13:30:00Z,1930.86,1939.79,1899.92,1900.1,5387897,7629761.25
2020-03-30T13:30:00Z,1922.83,1973.63,1912.34,1963.95,6126087,7597983.05
2020-03-31T13:30:00Z,1964.35,1993.02,1944.01,1949.72,5123626,7477439.8
2020-04-01T13:30:00Z,1932.97,1944.96,1893,1907.7,4121875,7444887.6
2020-04-02T13:30:00Z,1901.64,1927.5258,1890,1918.83,4335985,7424276.35
2020-04-03T13:30:00Z,1911.15,1926.33,1889.15,1906.59,3609870,7341090.85
2020-04-06T13:30:00Z,1936,1998.52,1930.02,1997.59,5773181,7239088.3
2020-04-07T13:30:00Z,2017.11,2035.72,1997.62,2011.6,5113983,7138121.95
2020-04-08T13:30:00Z,2021,2044,2011.15,2043,3977313,7054646.05
2020-04-09T13:30:00Z,2044.3,2053,2017.66,2042.76,4655617,6720116.2
2020-04-13T13:30:00Z,2040,2180,2038,2168.87,6716709,6615465.4
2020-04-14T13:30:00Z,2200.47,2292,2186.21,2283.32,8087193,6573961.8
2020-04-15T13:30:00Z,2257.68,2333.369,2245,2307.68,6866567,6371433.7
2020-04-16T13:30:00Z,2346,2460.9981,2335,2408.19,12038201,6491082.85
2020-04-17T13:30:00Z,2372.33,2400,2316.02,2375,7930010,6367586.2
2020-04-20T13:30:00Z,2389.95,2444.98,2386.05,2393.61,5770694,6165228.4
2020-04-21T13:30:00Z,2416.61,2428.3099,2279.66,2328.12,7476679,6148637.9
2020-04-22T13:30:00Z,2369,2394,2351,2363.49,4218295,6002198.65
2020-04-23T13:30:00Z,2399.98,2424.22,2382.08,2399.45,5066552,5931572.6
2020-04-24T13:30:00Z,2417,2420.4332,2382,2410.22,3831797,5811406.55
2020-04-27T13:30:00Z,2443.2,2444.88,2363,2376,5645645,5824293.95
2020-04-28T13:30:00Z,2372.1,2373.5,2306,2314.08,5269446,5781461.9
2020-04-29T13:30:00Z,2330.01,2391.89,2310,2372.71,4591593,5754860.25
2020-04-30T13:30:00Z,2419.84,2475,2396.01,2474,9534611,6025497.05
2020-05-01T13:30:00Z,2336.8,2362.44,2258.1901,2286.04,9772605,6297328.05
2020-05-04T13:30:00Z,2256.38,2326.98,2256.38,2315.99,4865926,6360130.85
2020-05-05T13:30:00Z,2340,2351,2307.1251,2317.8,3242496,6233596.6
2020-05-06T13:30:00Z,2329.44,2357.45,2320,2351.26,3117814,6133788.15
2020-05-07T13:30:00Z,2374.78,2376,2343.11,2367.61,3396411,6104743.05
2020-05-08T13:30:00Z,2372.14,2387.2449,2357,2379.61,3211228,6032523.6
2020-05-11T13:30:00Z,2374.7,2419.665,2372.11,2409,3259231,5859649.7
2020-05-12T13:30:00Z,2411.85,2418.9999,2355,2356.95,3074916,5609035.85
2020-05-13T13:30:00Z,2366.8,2407.7,2337.805,2367.92,4782919,5504853.45
2020-05-14T13:30:00Z,2361.01,2391.37,2353.21,2388.85,3648128,5085349.8
2020-05-15T13:30:00Z,2368.52,2411,2356.37,2409.78,4234951,4900596.85
2020-05-18T13:30:00Z,2404.3456,2433,2384.01,2426.26,4366572,4830390.75
2020-05-19T13:30:00Z,2429.83,2484.995,2428.97,2449.33,4320498,4672581.7
2020-05-20T13:30:00Z,2477.87,2500.01,2467.27,2497.94,3998143,4661574.1
2020-05-21T13:30:00Z,2500,2525.45,2442.54,2446.74,5114403,4663966.65
2020-05-22T13:30:00Z,2455.01,2469.85,2430.13,2436.88,2867079,4615730.75
2020-05-26T13:30:00Z,2458,2462,2414.06,2421.86,3568153,4511856.15
2020-05-27T13:30:00Z,2404.99,2413.58,2330,2410.39,5056945,4501231.1
2020-05-28T13:30:00Z,2384.33,2436.9699,2378.23,2401.1,3193136,4431308.25
2020-05-29T13:30:00Z,2415.94,2442.37,2398.1973,2442.37,3529329,4131044.15
2020-06-01T13:30:00Z,2448,2476.93,2444.17,2471.04,2938032,3789315.5
2020-06-02T13:30:00Z,2467,2473.53,2445.31,2472.41,2529903,3672514.35
2020-06-03T13:30:00Z,2468.01,2488,2461.17,2478.4,2671024,3643940.75
2020-06-04T13:30:00Z,2477.43,2507.54,2450.01,2460.6,2948710,3635485.55
2020-06-05T13:30:00Z,2444.51,2488.645,2437.13,2483,3306445,3630987.25
2020-06-08T13:30:00Z,2500.2,2530,2487.335,2524.06,3970654,3668958.55
2020-06-09T13:30:00Z,2529.44,2626.43,2525,2600.86,5175950,3764794.5
2020-06-10T13:30:00Z,2645,2722.35,2626.26,2647.45,4946031,3858350.25
2020-06-11T13:30:00Z,2603.5,2671.38,2536.23,2557.96,5800107,3909209.65
2020-06-12T13:30:00Z,2601.21,2621.4766,2503.35,2545.02,5436127,3998609.6
2020-06-15T13:30:00Z,2526.6,2584,2508.0001,2572.68,3873335,3980528.8
2020-06-16T13:30:00Z,2620,2620,2576,2615.27,3595649,3941982.65
2020-06-17T13:30:00Z,2647.5,2655,2631.82,2640.98,2959316,3873923.55
2020-06-18T13:30:00Z,2647.01,2659.64,2636.11,2653.98,2487774,3798405.1
2020-06-19T13:30:00Z,2678.08,2697.43,2659,2675.01,5776963,3831533.1
2020-06-22T13:30:00Z,2684.5,2715,2669,2713.82,3208780,3848618.15
2020-06-23T13:30:00Z,2726.02,2783.11,2718.04,2764.41,4231707,3881795.85
2020-06-24T13:30:00Z,2780,2796,2721,2734.4,4526605,3855278.85
2020-06-25T13:30:00Z,2739.55,2756.23,2712.14,2754.58,2968657,3844054.9
2020-06-26T13:30:00Z,2775.056,2782.5688,2688,2692.87,6500784,3992627.65
2020-06-29T13:30:00Z,2690.01,2696.8,2630.08,2680.38,4223422,4056897.15
2020-06-30T13:30:00Z,2685.065,2769.63,2675.03,2758.82,3769686,4118886.3
2020-07-01T13:30:00Z,2757.99,2895,2754,2878.7,6363439,4303507.05
2020-07-02T13:30:00Z,2912.01,2955.56,2871.1021,2890.3,6593387,4485740.9
2020-07-06T13:30:00Z,2934.97,3059.88,2930,3057.04,6880642,4664450.75
2020-07-07T13:30:00Z,3058.55,3069.55,2990,3000.12,5257514,4728793.75
2020-07-08T13:30:00Z,3022.61,3083.97,3012.4301,3081.11,5037635,4721878
2020-07-09T13:30:00Z,3115.99,3193.8799,3074.0016,3182.63,6388659,4794009.4
2020-07-10T13:30:00Z,3191.76,3215,3135.7,3200,5485982,4778303.15
2020-07-13T13:30:00Z,3251.06,3344.29,3068.3901,3104,7720420,4892517.8
2020-07-14T13:30:00Z,3089,3127.38,2950,3084,7231933,5060447.7
2020-07-15T13:30:00Z,3080.23,3098.35,2973.1801,3008.87,5788874,5170108.95
2020-07-16T13:30:00Z,2971.06,3032,2918.23,2999.9,6394246,5341855.45
2020-07-17T13:30:00Z,3009,3024,2948.45,2961.97,4761319,5455532.7
2020-07-20T13:30:00Z,3000.2,3201.3599,2994.0172,3196.84,7598176,5546593.35
2020-07-21T13:30:00Z,3232.49,3240.5758,3105.72,3138.29,6134965,5692902.6
2020-07-22T13:30:00Z,3125,3149.9999,3065.26,3099.91,4104225,5686528.5
2020-07-23T13:30:00Z,3098.2713,3098.2713,2970,2986.55,5656906,5743043.55
2020-07-24T13:30:00Z,2930,3031.58,2888,3008.91,5632413,5876231.35
2020-07-27T13:30:00Z,3062,3098,3015.77,3055.21,4170492,5759716.75
2020-07-28T13:30:00Z,3054.27,3077.0926,2995.76,3000.33,3126651,5704878.2
2020-07-29T13:30:00Z,3030.99,3039.1592,2996.77,3033.53,2974060,5665096.9
2020-07-30T13:30:00Z,3014,3092,3005,3051.88,6128265,5653338.2
2020-07-31T13:30:00Z,3244,3246.82,3151,3164.68,8083369,5727837.3
2020-08-03T13:30:00Z,3180.51,3184,3104,3111.89,5074663,5637538.35
2020-08-04T13:30:00Z,3101.21,3167.24,3101.21,3138.83,4694294,5609377.35
2020-08-05T13:30:00Z,3143.77,3213.5859,3127.3,3205.03,3930025,5553996.85
2020-08-06T13:30:00Z,3194.36,3247.47,3165.43,3225,3940602,5431594
2020-08-07T13:30:00Z,3224.01,3240.81,3140.6726,3167.46,3936127,5354101.25
2020-08-10T13:30:00Z,3170.31,3172.51,3101.52,3148.16,3167274,5126443.95
2020-08-11T13:30:00Z,3113.2,3159.22,3073,3080.67,3718057,4950750.15
2020-08-12T13:30:00Z,3108,3174.385,3101.42,3162.24,3527229,4837667.9
2020-08-13T13:30:00Z,3182.99,3217.5211,3155,3161.02,3149043,4675407.75
2020-08-14T13:30:00Z,3178.18,3178.2357,3120,3148.02,2751723,4574927.95
2020-08-17T13:30:00Z,3173.12,3194.97,3154.1775,3182.41,2691237,4329581
2020-08-18T13:30:00Z,3212,3320,3205.8187,3312.49,5345974,4290131.45
2020-08-19T13:30:00Z,3303.01,3315.9,3256.0001,3260.48,4185137,4294177.05
2020-08-20T13:30:00Z,3252,3312.62,3238,3297.37,3332478,4177955.65
2020-08-21T13:30:00Z,3295,3314.3962,3275.39,3284.72,3575862,4075128.1
2020-08-24T13:30:00Z,3310.15,3380.315,3257.5608,3307.46,4666258,4099916.4
2020-08-25T13:30:00Z,3294.99,3357.4,3267,3346.49,3992842,4143225.95
2020-08-26T13:30:00Z,3351.11,3451.7387,3344.5675,3441.85,6508743,4319960.1
2020-08-27T13:30:00Z,3450.05,3453,3378,3400,4264795,4226786.6
2020-08-28T13:30:00Z,3423,3433.3699,3386.5,3401.8,2896978,3967467.05
2020-08-31T13:30:00Z,3408.99,3495,3405,3450.96,4185885,3923028.15
2020-09-01T13:30:00Z,3489.58,3513.87,3467,3499.12,3476407,3862133.8
2020-09-02T13:30:00Z,3547,3552.25,3486.685,3531.45,3931476,3862206.35
2020-09-03T13:30:00Z,3485,3488.41,3303,3368,8161113,4073231.9
2020-09-04T13:30:00Z,3318,3381.5,3111.13,3294.62,8781754,4315513.25
2020-09-08T13:30:00Z,3144,3250.845,3130,3149.84,6094205,4461859.8
2020-09-09T13:30:00Z,3202.99,3303.175,3185,3268.61,5188675,4535390.7
2020-09-10T13:30:00Z,3307.2188,3349.89,3170.55,3175.11,5330741,4625566.3
2020-09-11T13:30:00Z,3208.69,3217.3409,3083.98,3116.22,5093982,4722813.25
2020-09-14T13:30:00Z,3172.9372,3187.39,3096,3102.97,4529596,4811706.9
2020-09-15T13:30:00Z,3136.16,3175.02,3108.92,3156.13,4021535,4878221.8
2020-09-16T13:30:00Z,3179.99,3187.238,3074.15,3078.1,4531189,4837482.55
2020-09-17T13:30:00Z,3009.25,3029.432,2972.55,3008.73,6449050,4950678.2
2020-09-18T13:30:00Z,3031.74,3037.8,2905.54,2954.91,8892580,5228683.3
2020-09-21T13:30:00Z,2906.5,2962,2871,2960.47,6117925,5355786.45
2020-09-22T13:30:00Z,3033.835,3133.99,3000.2,3128.99,6948816,5469914.35
2020-09-23T13:30:00Z,3120.43,3126.999,2992.3759,2999.86,5652665,5552905.5
2020-09-24T13:30:00Z,2977.79,3069.3,2965,3019.79,5529392,5503937.95
2020-09-25T13:30:00Z,3054.86,3101.54,2999,3095.13,4615202,5521458.3
2020-09-28T13:30:00Z,3148.85,3175.04,3117.1684,3174.05,4224165,5587817.65
2020-09-29T13:30:00Z,3175.39,3188.26,3132.54,3144.88,3503398,5553693.3
2020-09-30T13:30:00Z,3141.14,3212.88,3133.99,3148.73,4896101,5624678
2020-10-01T13:30:00Z,3208,3224,3172,3221.26,4971922,5676700.3
2020-10-02T13:30:00Z,3153.63,3195.7965,3123,3125,5613098,5549299.55
2020-10-05T13:30:00Z,3145.84,3202.53,3140.85,3199.2,3775332,5298978.45
2020-10-06T13:30:00Z,3165,3182,3090,3099.96,5086857,5248611.05
2020-10-07T13:30:00Z,3135,3200,3132.385,3195.69,4309439,5204649.25
2020-10-08T13:30:00Z,3224.99,3233.2944,3174.99,3190.55,3174114,5096817.9
2020-10-09T13:30:00Z,3210,3288.99,3197.83,3286.65,4907871,5087512.35
2020-10-12T13:30:00Z,3349.94,3496.24,3339.55,3442.93,8364198,5279242.45
2020-10-13T13:30:00Z,3467.99,3492.38,3424.217,3443.63,5744697,5365400.55
2020-10-14T13:30:00Z,3447,3464.88,3340,3363.71,5828916,5430286.9
2020-10-15T13:30:00Z,3292.01,3355.88,3280,3338.65,5223448,5369006.8
2020-10-16T13:30:00Z,3363.23,3399.6606,3160,3272.71,6474353,5248095.45
2020-10-19T13:30:00Z,3299.61,3329,3192.735,3207.21,5223626,5203380.5
2020-10-20T13:30:00Z,3222.28,3266,3192.01,3217.01,4509678,5081423.6
2020-10-21T13:30:00Z,3212.5,3233.875,3160,3184.94,4592736,5028427.15
2020-10-22T13:30:00Z,3189.87,3198.75,3121.94,3176.4,4212005,4962557.8
2020-10-23T13:30:00Z,3191,3205.33,3140,3204.4,3466687,4905132.05
2020-10-26T13:30:00Z,3198.74,3282.9799,3153.3,3207.04,5901151,4988981.35
2020-10-27T13:30:00Z,3224.94,3291.66,3211.3,3286.33,4291047,5028363.8
2020-10-28T13:30:00Z,3249.3,3264.02,3162.47,3162.78,5588330,5062975.25
2020-10-29T13:30:00Z,3201.27,3257.25,3164,3211.01,6596529,5144205.6
2020-10-30T13:30:00Z,3157.75,3167.004,3019,3036.15,8396081,5283354.75
2020-11-02T14:30:00Z,3061.74,3079.705,2950.12,3004.48,7257350,5457455.65
2020-11-03T14:30:00Z,3018.53,3074.9,2980.98,3048.41,4897880,5448006.8
2020-11-04T14:30:00Z,3159.99,3244.85,3139.73,3241.16,6839041,5574486.9
2020-11-05T14:30:00Z,3319.97,3366.8,3288.88,3322,5789285,5705245.45
2020-11-06T14:30:00Z,3304.64,3322,3232,3311.37,4647330,5692218.4
2020-11-09T14:30:00Z,3231.03,3289,3112.1057,3143.74,7190406,5633528.8
2020-11-10T14:30:00Z,3095.02,3114,3019.4828,3035.02,6590956,5675841.75
2020-11-11T14:30:00Z,3061.78,3139.145,3050,3137.39,4366923,5602742.1
2020-11-12T14:30:00Z,3159.95,3175.88,3086.05,3110.28,4371208,5560130.1
2020-11-13T14:30:00Z,3122,3141.7227,3085.39,3128.81,3762587,5424541.8
2020-11-16T14:30:00Z,3093.2,3142.7,3072.685,3131.06,3808676,5353794.3
2020-11-17T14:30:00Z,3183.5445,3189.25,3135.26,3135.66,3444735,5300547.15
2020-11-18T14:30:00Z,3134,3140,3105.1,3105.46,2916836,5216752.15
2020-11-19T14:30:00Z,3105.31,3125,3080.92,3117.02,3010270,5156665.4
2020-11-20T14:30:00Z,3117.02,3132.89,3098.0456,3099.4,3380138,5152337.95
2020-11-23T14:30:00Z,3116.6986,3139.745,3065.46,3098.39,4708887,5092724.75
2020-11-24T14:30:00Z,3100.5,3134.25,3086.258,3118.06,3602102,5058277.5
2020-11-25T14:30:00Z,3141.87,3198,3140.26,3185.07,3790403,4968381.15
2020-11-27T14:30:00Z,3211.26,3216.19,3190.05,3195.34,2392867,4758198.05
2020-11-30T14:30:00Z,3208.48,3228.39,3125.55,3168.04,4063916,4541589.8
2020-12-01T14:30:00Z,3188.5,3248.95,3157.18,3220.08,4544382,4405941.4
2020-12-02T14:30:00Z,3221.65,3232,3173.2601,3203.53,3129304,4317512.6
2020-12-03T14:30:00Z,3205.46,3228.64,3181.31,3186.73,2892039,4120162.5
2020-12-04T14:30:00Z,3198.21,3198.21,3158.76,3162.58,2913611,3976378.8
2020-12-07T14:30:00Z,3156.48,3180.76,3141.69,3158,2751316,3881578.1
2020-12-08T14:30:00Z,3158.9,3184.13,3120.02,3177.29,3286303,3686372.95
2020-12-09T14:30:00Z,3167.89,3174.43,3088,3104.2,4100836,3561866.95
2020-12-10T14:30:00Z,3088.99,3142.1,3076,3101.49,3030186,3495030.1
2020-12-11T14:30:00Z,3096.66,3118.67,3072.82,3116.42,3064695,3429704.45
2020-12-14T14:30:00Z,3143,3190.47,3126,3156.97,4155794,3449364.8
2020-12-15T14:30:00Z,3181.01,3188.4999,3130.49,3165.12,3323686,3425115.3
2020-12-16T14:30:00Z,3176.01,3247,3163.68,3240.96,4427616,3474259.35
2020-12-17T14:30:00Z,3250,3263.51,3221,3236.08,3474347,3502134.9
2020-12-18T14:30:00Z,3243.99,3249.42,3171.6,3201.65,5995713,3651407.05
2020-12-21T14:30:00Z,3200.01,3226.9666,3166,3206.18,3836846,3674242.45
2020-12-22T14:30:00Z,3202.8434,3222,3180.08,3206.52,2381781,3557887.15
2020-12-23T14:30:00Z,3205,3210.13,3184.17,3185.27,2093787,3482471.4
2020-12-24T14:30:00Z,3193.9,3202,3169,3172.69,1451917,3365547.1
2020-12-28T14:30:00Z,3194,3304,3172.69,3283.96,5686787,3530243.1
2020-12-29T14:30:00Z,3309.94,3350.65,3281.223,3322,4872933,3570693.95
2020-12-30T14:30:00Z,3341,3342.1,3282.47,3285.85,3209310,3503940.35
2020-12-31T14:30:00Z,3275,3282.9219,3241.2,3256.93,2957206,3495335.45
2021-01-04T14:30:00Z,3270,3272,3144.02,3186.63,4411449,3571305.95
2021-01-05T14:30:00Z,3166.01,3223.38,3165.06,3218.51,2655548,3558402.8
2021-01-06T14:30:00Z,3146.48,3197.509,3131.16,3138.38,4394815,3640577.75
2021-01-07T14:30:00Z,3157,3208.542,3155,3162.16,3514545,3651989.85
2021-01-08T14:30:00Z,3180,3190.64,3142.2,3182.7,3537744,3623835.25
2021-01-11T14:30:00Z,3148.01,3156.3841,3110,3114.21,3669095,3655780.7
2021-01-12T14:30:00Z,3120,3142.1418,3086,3120.83,3514582,3678275.05
2021-01-13T14:30:00Z,3128.44,3189.95,3122.08,3165.89,3321244,3636547.55
2021-01-14T14:30:00Z,3167.52,3177.9999,3120.59,3127.47,3070919,3623909.2
2021-01-15T14:30:00Z,3123.02,3142.545,3095.17,3104.25,4243995,3614728.15
2021-01-19T14:30:00Z,3107,3145,3096,3120.76,3305142,3606267.9
2021-01-20T14:30:00Z,3181.99,3279.8,3175,3263.38,5309835,3571974
2021-01-21T14:30:00Z,3293,3348.55,3289.5675,3306.99,4945051,3627384.25
2021-01-22T14:30:00Z,3304.31,3321.91,3283.1644,3292.23,2821914,3649390.9
2021-01-25T14:30:00Z,3328.5,3363.89,3243.1463,3294,3749758,3732189.45
2021-01-26T14:30:00Z,3296.3559,3338,3282.87,3326.13,2955235,3807355.35
2021-01-27T14:30:00Z,3341.49,3346.52,3207.08,3232.58,4660158,3756023.9
2021-01-28T14:30:00Z,3235.04,3301.68,3228.69,3237.62,3149228,3669838.65
2021-01-29T14:30:00Z,3230,3236.99,3184.55,3206.2,4293556,3724050.95
2021-02-01T14:30:00Z,3242.36,3350.26,3235.025,3342.88,4160212,3784201.25
2021-02-02T14:30:00Z,3380,3427.74,3361.125,3380,7098637,3918560.65
2021-02-03T14:30:00Z,3425.01,3434,3308.62,3312.53,7088781,4140222.3
2021-02-04T14:30:00Z,3330,3347,3277.75,3331,3670661,4104014.6
2021-02-05T14:30:00Z,3319,3377,3302.71,3352.15,3620808,4109327.75
2021-02-08T14:30:00Z,3358.5,3364.9999,3304,3322.94,3257391,4095310.1
2021-02-09T14:30:00Z,3312.49,3338,3297.84,3305,2203526,4022031.65
2021-02-10T14:30:00Z,3314,3317.9548,3254,3286.58,3151550,4003880.05
2021-02-11T14:30:00Z,3292,3292,3248.06,3262.13,2301417,3952888.7
2021-02-12T14:30:00Z,3250,3280.25,3233.31,3277.71,2335339,3916109.7
2021-02-16T14:30:00Z,3254.05,3308.3,3253.591,3268.95,2574721,3832646
2021-02-17T14:30:00Z,3263.6,3320.91,3259.4996,3308.64,3302099,3832493.85
2021-02-18T14:30:00Z,3282.42,3338,3273.94,3328.23,3033607,3718682.45
2021-02-19T14:30:00Z,3328.23,3333.5,3245.75,3249.9,4305184,3686689.1
2021-02-22T14:30:00Z,3208.13,3232.3199,3172.26,3180.74,3515679,3721377.35
2021-02-23T14:30:00Z,3127.03,3204.73,3093.6,3194.5,4677222,3767750.55
2021-02-24T14:30:00Z,3166.75,3171.23,3125.38,3159.53,3011275,3770552.55
2021-02-25T14:30:00Z,3136.74,3178.26,3047.76,3057.16,4533801,3764234.7
2021-02-26T14:30:00Z,3095.2,3122.44,3036.7,3092.93,4275930,3820569.8
2021-03-01T14:30:00Z,3127.89,3149.56,3097.99,3146.14,2733963,3742590.15
2021-03-02T14:30:00Z,3143.47,3163.52,3087.1201,3094.53,2595762,3664367.65
2021-03-03T14:30:00Z,3081.18,3107.775,2995,3005,3988725,3508872.05
2021-03-04T14:30:00Z,3012,3058.13,2945.43,2977.57,5481578,3428511.9
2021-03-05T14:30:00Z,3005,3009,2881.0001,3000.46,5388551,3514406.4
2021-03-08T14:30:00Z,3015,3064.59,2951.31,2951.95,4185008,3542616.4
2021-03-09T14:30:00Z,3017.99,3090.96,3005.1474,3062.85,4030032,3581248.45
2021-03-10T14:30:00Z,3098.45,3116.46,3030.05,3057.64,3012489,3621696.6
2021-03-11T14:30:00Z,3104.01,3131.7843,3082.93,3113.59,2776391,3602938.65
2021-03-12T14:30:00Z,3075,3098.98,3045.5,3089.49,2421888,3608962.2
2021-03-15T13:30:00Z,3074.57,3082.24,3032.09,3081.68,2918592,3638124.85
2021-03-16T13:30:00Z,3104.97,3128.91,3075.8601,3091.86,2538764,3636327
2021-03-17T13:30:00Z,3073.22,3173.05,3070.22,3135.73,3118584,3627151.25
2021-03-18T13:30:00Z,3101,3116.63,3025,3027.99,3657027,3658322.25
2021-03-19T13:30:00Z,3029.23,3077.285,3016.63,3074.96,4625354,3674330.75
2021-03-22T13:30:00Z,3067.85,3126.58,3060.05,3110.87,2902179,3643655.75
2021-03-23T13:30:00Z,3127,3182,3120.8501,3137.5,3817263,3600657.8
2021-03-24T13:30:00Z,3151.04,3160.31,3085.15,3087.07,2958981,3598043.1
2021-03-25T13:30:00Z,3072.99,3109.78,3037.14,3046.26,3563469,3549526.5
2021-03-26T13:30:00Z,3044.06,3056.66,2996,3052.03,3312924,3501376.2
2021-03-29T13:30:00Z,3055.4394,3091.25,3028.445,3075.73,2745968,3501976.45
2021-03-30T13:30:00Z,3070.01,3073,3034,3055.29,2337603,3489068.5
2021-03-31T13:30:00Z,3064.06,3119.33,3062.5,3094.08,3093896,3444327.05
2021-04-01T13:30:00Z,3117.94,3162.44,3115.55,3161,2940318,3317264.05
2021-04-05T13:30:00Z,3173,3235.955,3161.24,3226.73,3334882,3214580.6
2021-04-06T13:30:00Z,3223.75,3247.31,3217.04,3223.82,2537809,3132220.65
2021-04-07T13:30:00Z,3233.8,3303.6125,3223.65,3279.39,3346227,3098030.4
2021-04-08T13:30:00Z,3310.9,3324.5,3292,3299.3,2812090,3088010.45
2021-04-09T13:30:00Z,3304.7,3372.2,3288.9,3372.2,4341473,3166264.55
2021-04-12T13:30:00Z,3355.21,3395.04,3351.15,3379.39,3281798,3209260.05
2021-04-13T13:30:00Z,3400.845,3432,3395.63,3400,3315837,3229122.3
2021-04-14T13:30:00Z,3404.04,3404.13,3326,3333,3145204,3259444.3
2021-04-15T13:30:00Z,3371,3396.9999,3352,3379.09,3233580,3265194.1
2021-04-16T13:30:00Z,3380,3406.8,3355.59,3399.44,3186049,3241645.2
2021-04-19T13:30:00Z,3390.33,3435.9333,3360.16,3372.01,2725405,3146647.75
2021-04-20T13:30:00Z,3373.6,3382.99,3316,3334.69,2623032,3132690.4
2021-04-21T13:30:00Z,3316,3362.86,3303.8061,3362.02,2211166,3052385.55
2021-04-22T13:30:00Z,3371.68,3372.87,3301.45,3309.04,2580590,3033466
2021-04-23T13:30:00Z,3319.1,3375,3308.5,3340.88,3196652,3015125.15
2021-04-26T13:30:00Z,3348,3428.45,3330.94,3409,4880708,3093514.35
2021-04-27T13:30:00Z,3443.47,3460,3398.01,3417.43,3827140,3147572.95
2021-04-28T13:30:00Z,3434.8,3489.88,3425,3458.5,4631884,3262287
2021-04-29T13:30:00Z,3505.0981,3514.445,3435,3471.31,7682381,3491711.25
2021-04-30T13:30:00Z,3525.12,3554,3462.5,3467.42,7009346,3695162.65
2021-05-03T13:30:00Z,3484.73,3486.645,3372.7012,3386.49,5875530,3822195.05
2021-05-04T13:30:00Z,3356.19,3367.975,3272.13,3311.87,5439449,3967277.05
2021-05-05T13:30:00Z,3338.855,3354.695,3264.36,3270.54,3711308,3985531.1
2021-05-06T13:30:00Z,3270,3314.4,3247.2,3306.37,4447696,4067311.4
2021-05-07T13:30:00Z,3319.09,3330.89,3289.0704,3291.61,4710276,4085751.55
2021-05-10T13:30:00Z,3282.32,3283,3190,3190.49,5838603,4213591.8
2021-05-11T13:30:00Z,3136.28,3238,3127.37,3223.91,4619781,4278789
2021-05-12T13:30:00Z,3185,3207.94,3133.1,3151.94,4936410,4368349.3
2021-05-13T13:30:00Z,3185.47,3203.84,3133,3161.47,3356877,4374514.15
2021-05-14T13:30:00Z,3185.56,3228.86,3183,3222.9,3325022,4381462.8
2021-05-17T13:30:00Z,3245.93,3292.75,3234.59,3270.39,3723925,4431388.8
2021-05-18T13:30:00Z,3292.575,3312,3230.37,3232.28,2828391,4441656.75
2021-05-19T13:30:00Z,3195,3234.75,3184,3231.8,2679708,4465083.85
2021-05-20T13:30:00Z,3244.4042,3259.6799,3236.18,3247.68,2633192,4467713.95
2021-05-21T13:30:00Z,3250,3256.6946,3197.01,3203.08,4104882,4513125.45
2021-05-24T13:30:00Z,3215.5,3257.95,3210.4993,3244.99,2422813,4390230.7
2021-05-25T13:30:00Z,3266.67,3279.82,3213.76,3259.05,3261109,4361929.15
2021-05-26T13:30:00Z,3274.5905,3295.73,3258.51,3265.16,2383986,4249534.25
2021-05-27T13:30:00Z,3256,3260.355,3230.04,3230.11,2561157,3993473.05
2021-05-28T13:30:00Z,3242,3247.99,3219.7,3223.07,2331509,3759581.2
2021-06-01T13:30:00Z,3243.495,3250.98,3209.06,3218.65,2430045,3587306.95
2021-06-02T13:30:00Z,3223.1,3235,3208,3233.99,2014524,3416060.7
2021-06-03T13:30:00Z,3204.23,3214.435,3184.03,3187.01,2398293,3350409.95
2021-06-04T13:30:00Z,3212,3221,3198.81,3206.22,2249749,3240512.6
2021-06-07T13:30:00Z,3197.33,3208,3172.2,3198.01,2214109,3115704.25